recv_timestamp,packet_id,stream_id,rtt_us,payload_size
1770241619294487,0,4,9310,1000
1770241619311419,1,4,9578,1000
1770241619328666,2,4,10159,1000
1770241619336592,0,11,18074,1000
1770241619347446,3,4,12273,1000
1770241619361240,4,4,9400,1000
1770241619378107,5,4,9602,1000
1770241619387777,1,11,19259,1000
1770241619395455,6,4,10284,1000
1770241619413458,7,4,11621,1000
1770241619426549,8,4,8046,1000
1770241619437891,2,11,19373,1000
1770241619449338,9,4,14169,1000
1770241619461601,10,4,9766,1000
1770241619476825,11,4,8323,1000
1770241619487692,3,11,19174,1000
1770241619494674,12,4,9506,1000
1770241619510864,13,4,9030,1000
1770241619527778,14,4,9278,1000
1770241619535308,4,11,16781,1000
1770241619542161,15,4,6995,1000
1770241619561238,16,4,9406,1000
1770241619578978,17,4,10480,1000
1770241619590377,5,11,21850,1000
1770241619600800,18,4,15636,1000
1770241619613343,19,4,11512,1000
1770241619626844,20,4,8348,1000
1770241619637485,6,11,18958,1000
1770241619647368,21,4,12205,1000
1770241619663407,22,4,11578,1000
1770241619679433,23,4,10938,1000
1770241619691849,7,11,23322,1000
1770241619702913,24,4,17750,1000
1770241619712609,25,4,10779,1000
1770241619729153,26,4,10659,1000
1770241619739194,8,11,20666,1000
1770241619749167,27,4,14006,1000
1770241619762244,28,4,10419,1000
1770241619776013,29,4,7521,1000
1770241619785528,9,11,17000,1000
1770241619792621,30,4,7462,1000
1770241619811986,31,4,10162,1000
1770241619829746,32,4,11255,1000
1770241619842454,10,11,23923,1000
1770241619852375,33,4,17219,1000
1770241619860395,34,4,8572,1000
1770241619879684,35,4,11196,1000
1770241619891200,11,11,22669,1000
1770241619902201,36,4,17047,1000
1770241619912132,37,4,10312,1000
1770241619928008,38,4,9522,1000
1770241619937906,12,11,19374,1000
1770241619948209,39,4,13057,1000
1770241619961418,40,4,9600,1000
1770241619980159,41,4,11675,1000
1770241619988219,13,11,19687,1000
1770241619998832,42,4,13681,1000
1770241620012937,43,4,11120,1000
1770241620026327,44,4,7843,1000
1770241620036463,14,11,17931,1000
1770241620045599,45,4,10450,1000
1770241620061091,46,4,9276,1000
1770241620077624,47,4,9143,1000
1770241620084165,15,11,15633,1000
1770241620094405,48,4,9258,1000
1770241620112365,49,4,10550,1000
1770241620130694,50,4,12215,1000
1770241620138324,16,11,19792,1000
1770241620148627,51,4,13481,1000
1770241620160038,52,4,8226,1000
1770241620180479,53,4,11999,1000
1770241620189778,17,11,21246,1000
1770241620200541,54,4,15395,1000
1770241620210500,55,4,8689,1000
1770241620231879,56,4,13403,1000
1770241620243114,18,11,24582,1000
1770241620254321,57,4,19179,1000
1770241620261865,58,4,10057,1000
1770241620279419,59,4,10945,1000
1770241620288225,19,11,19693,1000
1770241620298256,60,4,13116,1000
1770241620311074,61,4,9268,1000
1770241620329426,62,4,10954,1000
1770241620338551,20,11,20019,1000
1770241620347616,63,4,12476,1000
1770241620362257,64,4,10451,1000
1770241620378378,65,4,9907,1000
1770241620389156,21,11,20623,1000
1770241620395906,66,4,10769,1000
1770241620412704,67,4,10901,1000
1770241620429933,68,4,11464,1000
1770241620441212,22,11,22679,1000
1770241620450826,69,4,15691,1000
1770241620462136,70,4,10335,1000
1770241620477261,71,4,8794,1000
1770241620486578,23,11,18046,1000
1770241620496062,72,4,10926,1000
1770241620513011,73,4,11211,1000
1770241620527597,74,4,9132,1000
1770241620541365,24,11,22832,1000
1770241620551781,75,4,16650,1000
1770241620559580,76,4,7782,1000
1770241620578806,77,4,10342,1000
1770241620587708,25,11,19175,1000
1770241620599782,78,4,14652,1000
1770241620611704,79,4,9908,1000
1770241620628183,80,4,9721,1000
1770241620639619,26,11,21086,1000
1770241620651101,81,4,15973,1000
1770241620661454,82,4,9660,1000
1770241620678376,83,4,9915,1000
1770241620687377,27,11,18844,1000
1770241620696161,84,4,11034,1000
1770241620712521,85,4,10728,1000
1770241620728977,86,4,10518,1000
1770241620740175,28,11,21642,1000
1770241620752090,87,4,16965,1000
1770241620761682,88,4,9891,1000
1770241620779243,89,4,10786,1000
1770241620792199,29,11,23666,1000
1770241620803038,90,4,17915,1000
1770241620813526,91,4,11736,1000
1770241620828721,92,4,10265,1000
1770241620837770,30,11,19237,1000
1770241620849652,93,4,14530,1000
1770241620861843,94,4,9239,1000
1770241620877274,31,11,8740,1000
1770241620888460,95,4,19192,1000
1770241620898588,96,4,12653,1000
1770241620914290,97,4,11689,1000
1770241620927581,32,11,9047,1000
1770241620936636,98,4,17368,1000
1770241620946758,99,4,10825,1000
1770241620962598,100,4,9997,1000
1770241620977984,33,11,9450,1000
1770241620986542,101,4,17275,1000
1770241620998368,102,4,12435,1000
1770241621012346,103,4,9747,1000
1770241621030105,34,11,11571,1000
1770241621039644,104,4,20379,1000
1770241621050793,105,4,14860,1000
1770241621062159,106,4,9558,1000
1770241621081435,35,11,12901,1000
1770241621093991,107,4,24724,1000
1770241621102573,108,4,16639,1000
1770241621112112,109,4,9513,1000
1770241621127731,36,11,9197,1000
1770241621137858,110,4,18593,1000
1770241621149834,111,4,13900,1000
1770241621163155,112,4,10557,1000
1770241621181580,37,11,13044,1000
1770241621191062,113,4,21655,1000
1770241621201143,114,4,15070,1000
1770241621212356,115,4,9617,1000
1770241621230203,38,11,11657,1000
1770241621243684,116,4,24279,1000
1770241621252614,117,4,16542,1000
1770241621262806,118,4,10069,1000
1770241621277985,39,11,9450,1000
1770241621287326,119,4,17923,1000
1770241621298457,120,4,12388,1000
1770241621309632,121,4,6896,1000
1770241621327464,40,11,8929,1000
1770241621337829,122,4,18427,1000
1770241621348532,123,4,12458,1000
1770241621362759,124,4,10020,1000
1770241621376900,41,11,8365,1000
1770241621384795,125,4,15391,1000
1770241621393978,126,4,7908,1000
1770241621413732,127,4,10996,1000
1770241621430988,42,11,12454,1000
1770241621442354,128,4,22952,1000
1770241621452756,129,4,16687,1000
1770241621463203,130,4,10468,1000
1770241621477966,43,11,9432,1000
1770241621489036,131,4,19635,1000
1770241621494895,132,4,8828,1000
1770241621513905,133,4,11172,1000
1770241621531641,44,11,13106,1000
1770241621542777,134,4,23378,1000
1770241621551896,135,4,15828,1000
1770241621562077,136,4,9345,1000
1770241621577729,45,11,9194,1000
1770241621588520,137,4,19123,1000
1770241621597418,138,4,11354,1000
1770241621613043,139,4,10313,1000
1770241621628078,46,11,9543,1000
1770241621637822,140,4,18427,1000
1770241621646659,141,4,10597,1000
1770241621660401,142,4,7673,1000
1770241621679799,47,11,11264,1000
1770241621689170,143,4,19777,1000
1770241621701029,144,4,14970,1000
1770241621713750,145,4,11024,1000
1770241621729432,48,11,10897,1000
1770241621738786,146,4,19394,1000
1770241621750347,147,4,14287,1000
1770241621761502,148,4,8778,1000
1770241621781976,49,11,13440,1000
1770241621790691,149,4,21301,1000
1770241621800598,150,4,14542,1000
1770241621813798,151,4,11076,1000
1770241621826619,50,11,8083,1000
1770241621838737,152,4,19349,1000
1770241621846672,153,4,10618,1000
1770241621862192,154,4,9471,1000
1770241621875121,51,11,6586,1000
1770241621884997,155,4,15611,1000
1770241621895932,156,4,9880,1000
1770241621914498,157,4,11780,1000
1770241621928454,52,11,9919,1000
1770241621935246,158,4,15861,1000
1770241621944598,159,4,8547,1000
1770241621962415,160,4,9699,1000
1770241621977626,53,11,9090,1000
1770241621990431,161,4,21048,1000
1770241622000861,162,4,14812,1000
1770241622011727,163,4,9012,1000
1770241622026563,54,11,8028,1000
1770241622036278,164,4,16897,1000
1770241622044645,165,4,8598,1000
1770241622064411,166,4,11694,1000
1770241622077893,55,11,9355,1000
1770241622087276,167,4,17897,1000
1770241622098178,168,4,12132,1000
1770241622112604,169,4,9891,1000
1770241622127638,56,11,9100,1000
1770241622136109,170,4,16730,1000
1770241622146519,171,4,10475,1000
1770241622159798,172,4,7088,1000
1770241622178599,57,11,10063,1000
1770241622186948,173,4,17572,1000
1770241622198021,174,4,11979,1000
1770241622210544,175,4,7836,1000
1770241622226599,58,11,8063,1000
1770241622237283,176,4,17909,1000
1770241622245794,177,4,9752,1000
1770241622264173,178,4,11467,1000
1770241622278861,59,11,10325,1000
1770241622285913,179,4,16541,1000
1770241622298921,180,4,12883,1000
1770241622314252,181,4,11547,1000
1770241622330843,60,11,12307,1000
1770241622339555,182,4,20184,1000
1770241622351414,183,4,15377,1000
1770241622362196,184,4,9493,1000
1770241622378434,61,11,9898,1000
1770241622387115,185,4,17746,1000
1770241622398894,186,4,12859,1000
1770241622409689,187,4,6988,1000
1770241622429113,62,11,10577,1000
1770241622437497,188,4,18129,1000
1770241622446754,189,4,10720,1000
1770241622462890,190,4,10190,1000
1770241622475988,63,11,7451,1000
1770241622485916,191,4,16550,1000
1770241622495584,192,4,9552,1000
1770241622513245,193,4,10547,1000
1770241622528919,64,11,10382,1000
1770241622540346,194,4,20982,1000
1770241622553519,195,4,17489,1000
1770241622562178,196,4,9482,1000
1770241622577204,65,11,8666,1000
1770241622588852,197,4,19490,1000
1770241622599023,198,4,12994,1000
1770241622612341,199,4,9646,1000
1770241622629968,66,11,11431,1000
1770241622637770,200,4,18409,1000
1770241622651404,201,4,15377,1000
1770241622662598,202,4,9905,1000
1770241622678657,67,11,10120,1000
1770241622689414,203,4,20055,1000
1770241622698746,204,4,12721,1000
1770241622712448,205,4,9757,1000
1770241622729731,68,11,11194,1000
1770241622739356,206,4,19999,1000
1770241622750022,207,4,13999,1000
1770241622763215,208,4,10526,1000
1770241622776649,69,11,8112,1000
1770241622787436,209,4,18080,1000
1770241622794568,210,4,8538,1000
1770241622810874,211,4,8178,1000
1770241622830247,70,11,11709,1000
1770241622839918,212,4,20556,1000
1770241622848934,213,4,12905,1000
1770241622861956,214,4,9261,1000
1770241622880322,71,11,11785,1000
1770241622893369,215,4,24009,1000
1770241622905199,216,4,19172,1000
1770241622914964,217,4,12271,1000
1770241622927228,72,11,8691,1000
1770241622937489,218,4,18130,1000
1770241622946741,219,4,10716,1000
1770241622963184,220,4,10493,1000
1770241622976848,73,11,8310,1000
1770241622987625,221,4,18268,1000
1770241623000170,222,4,14147,1000
1770241623012191,223,4,9502,1000
1770241623029204,74,11,10667,1000
1770241623037135,224,4,17780,1000
1770241623046651,225,4,10629,1000
1770241623061542,226,4,8855,1000
1770241623077965,75,11,9427,1000
1770241623087998,227,4,18645,1000
1770241623097205,228,4,11185,1000
1770241623114796,229,4,12110,1000
1770241623130166,76,11,11628,1000
1770241623141443,230,4,22091,1000
1770241623152556,231,4,16538,1000
1770241623162538,232,4,9854,1000
1770241623179958,77,11,11420,1000
1770241623188910,233,4,19560,1000
1770241623199442,234,4,13426,1000
1770241623212924,235,4,10241,1000
1770241623229848,78,11,11310,1000
1770241623239888,236,4,20539,1000
1770241623251215,237,4,15200,1000
1770241623263534,238,4,10853,1000
1770241623279860,79,11,11322,1000
1770241623290590,239,4,21243,1000
1770241623302508,240,4,16495,1000
1770241623312970,241,4,10291,1000
1770241623329227,80,11,10689,1000
1770241623337261,242,4,17916,1000
1770241623347970,243,4,11959,1000
1770241623361054,244,4,8376,1000
1770241623380828,81,11,12290,1000
1770241623390644,245,4,21300,1000
1770241623400387,246,4,14377,1000
1770241623412446,247,4,9770,1000
1770241623428387,82,11,9849,1000
1770241623437826,248,4,18484,1000
1770241623449344,249,4,13336,1000
1770241623464286,250,4,11612,1000
1770241623479873,83,11,11335,1000
1770241623490819,251,4,21479,1000
1770241623500449,252,4,14443,1000
1770241623512355,253,4,9683,1000
1770241623529602,84,11,11064,1000
1770241623539375,254,4,20036,1000
1770241623550784,255,4,14779,1000
1770241623564913,256,4,12242,1000
1770241623579510,85,11,10971,1000
1770241623591558,257,4,22221,1000
1770241623600929,258,4,14926,1000
1770241623611386,259,4,8717,1000
1770241623627296,86,11,8758,1000
1770241623635317,260,4,15982,1000
1770241623643574,261,4,7573,1000
1770241623664023,262,4,11356,1000
1770241623677980,87,11,9442,1000
1770241623689499,263,4,20166,1000
1770241623701934,264,4,15935,1000
1770241623711599,265,4,8934,1000
1770241623727035,88,11,8496,1000
1770241623737092,266,4,17761,1000
1770241623748581,267,4,12583,1000
1770241623760763,268,4,8099,1000
1770241623778155,89,11,9617,1000
1770241623790505,269,4,21175,1000
1770241623799147,270,4,13151,1000
1770241623809783,271,4,7121,1000
1770241623828495,90,11,9957,1000
1770241623839353,272,4,20025,1000
1770241623849063,273,4,13069,1000
1770241623863833,274,4,11172,1000
1770241623879286,91,11,10747,1000
1770241623887353,275,4,18027,1000
1770241623901626,276,4,15634,1000
1770241623912571,277,4,9913,1000
1770241623930125,92,11,11586,1000
1770241623940633,278,4,21308,1000
1770241623950898,279,4,14907,1000
1770241623962505,280,4,9848,1000
1770241623979641,93,11,11102,1000
1770241623989700,281,4,20377,1000
1770241623996988,282,4,10999,1000
1770241624010919,283,4,8264,1000
1770241624026648,94,11,8109,1000
1770241624036311,284,4,16990,1000
1770241624044890,285,4,8903,1000
1770241624062071,286,4,9418,1000
1770241624077152,95,11,8613,1000
1770241624086138,287,4,16819,1000
1770241624094637,288,4,8652,1000
1770241624111899,289,4,9247,1000
1770241624128783,96,11,10244,1000
1770241624140380,290,4,21062,1000
1770241624149136,291,4,13152,1000
1770241624165571,292,4,12921,1000
1770241624180230,97,11,11691,1000
1770241624186774,293,4,17458,1000
1770241624194552,294,4,8570,1000
1770241624211090,295,4,8438,1000
1770241624228652,296,4,8984,1000
1770241624239190,98,11,19509,1000
1770241624249564,297,4,13230,1000
1770241624262896,298,4,9896,1000
1770241624279133,299,4,9467,1000
1770241624287327,99,11,17651,1000
1770241624296616,300,4,10284,1000
1770241624311876,301,4,8878,1000
1770241624329829,302,4,10165,1000
1770241624341260,100,11,21583,1000
1770241624350727,303,4,14397,1000
1770241624361881,304,4,8884,1000
1770241624380767,305,4,11104,1000
1770241624390855,101,11,21178,1000
1770241624401479,306,4,15150,1000
1770241624412636,307,4,9641,1000
1770241624428737,308,4,9076,1000
1770241624439230,102,11,19553,1000
1770241624449031,309,4,12704,1000
1770241624463821,310,4,10828,1000
1770241624480119,311,4,10460,1000
1770241624493918,103,11,24241,1000
1770241624501334,312,4,15009,1000
1770241624514269,313,4,11278,1000
1770241624526949,314,4,7292,1000
1770241624535607,104,11,15929,1000
1770241624544454,315,4,8130,1000
1770241624560266,316,4,7276,1000
1770241624580219,317,4,10563,1000
1770241624590117,105,11,20439,1000
1770241624602301,318,4,15979,1000
1770241624613841,319,4,10853,1000
1770241624629390,320,4,9736,1000
1770241624638100,106,11,18422,1000
1770241624648289,321,4,11969,1000
1770241624665188,322,4,12202,1000
1770241624679947,323,4,10294,1000
1770241624686406,107,11,16728,1000
1770241624696211,324,4,9892,1000
1770241624713162,325,4,10176,1000
1770241624729469,326,4,9818,1000
1770241624741286,108,11,21608,1000
1770241624750538,327,4,14221,1000
1770241624762152,328,4,9169,1000
1770241624779982,329,4,10333,1000
1770241624790957,109,11,21279,1000
1770241624798327,330,4,12010,1000
1770241624811271,331,4,8289,1000
1770241624828605,332,4,8957,1000
1770241624836334,110,11,16656,1000
1770241624845708,333,4,9394,1000
1770241624864645,334,4,11665,1000
1770241624883204,335,4,13558,1000
1770241624894112,111,11,24434,1000
1770241624904264,336,4,17952,1000
1770241624913075,337,4,10097,1000
1770241624930311,338,4,10667,1000
1770241624939938,112,11,20259,1000
1770241624948812,339,4,12502,1000
1770241624963011,340,4,10035,1000
1770241624978314,341,4,8672,1000
1770241624991128,113,11,21449,1000
1770241625000286,342,4,13974,1000
1770241625013725,343,4,10750,1000
1770241625027918,344,4,8275,1000
1770241625034618,114,11,14939,1000
1770241625047185,345,4,10878,1000
1770241625062027,346,4,9051,1000
1770241625080414,347,4,10774,1000
1770241625091600,115,11,21913,1000
1770241625100114,348,4,13809,1000
1770241625112555,349,4,9583,1000
1770241625128567,350,4,8928,1000
1770241625137912,116,11,18225,1000
1770241625149363,351,4,13057,1000
1770241625163354,352,4,10382,1000
1770241625177397,353,4,7761,1000
1770241625187600,117,11,17913,1000
1770241625197396,354,4,11094,1000
1770241625209932,355,4,6964,1000
1770241625229897,356,4,9762,1000
1770241625235858,118,11,15720,1000
1770241625247900,357,4,11099,1000
1770241625266576,358,4,13109,1000
1770241625281370,359,4,11233,1000
1770241625289575,119,11,19360,1000
1770241625299656,360,4,12857,1000
1770241625313484,361,4,10019,1000
1770241625332796,362,4,12665,1000
1770241625343556,120,11,23341,1000
1770241625354616,363,4,17819,1000
1770241625363320,364,4,9856,1000
1770241625379645,365,4,9515,1000
1770241625391809,121,11,21594,1000
1770241625399260,366,4,12464,1000
1770241625415281,367,4,11819,1000
1770241625430902,368,4,10774,1000
1770241625441955,122,11,21740,1000
1770241625451377,369,4,14583,1000
1770241625466023,370,4,12563,1000
1770241625476729,371,4,6603,1000
1770241625489276,123,11,19061,1000
1770241625498995,372,4,12203,1000
1770241625512779,373,4,9321,1000
1770241625530028,374,4,9903,1000
1770241625539186,124,11,18971,1000
1770241625551561,375,4,14770,1000
1770241625562833,376,4,9376,1000
1770241625580626,377,4,10503,1000
1770241625591499,125,11,21284,1000
1770241625601152,378,4,14363,1000
1770241625614144,379,4,10689,1000
1770241625628275,380,4,8154,1000
1770241625635850,126,11,15635,1000
1770241625645933,381,4,9146,1000
1770241625662466,382,4,9013,1000
1770241625679215,383,4,9096,1000
1770241625690709,127,11,20494,1000
1770241625698916,384,4,12131,1000
1770241625712854,385,4,9403,1000
1770241625727971,386,4,7854,1000
1770241625736507,128,11,16291,1000
1770241625748191,387,4,11408,1000
1770241625763807,388,4,10357,1000
1770241625787639,389,4,17523,1000
1770241625796952,129,11,26736,1000
1770241625814167,390,4,27384,1000
1770241625829614,391,4,26166,1000
1770241625838171,392,4,18057,1000
1770241625847991,130,11,27775,1000
1770241625863789,393,4,27008,1000
1770241625879939,394,4,26493,1000
1770241625891743,395,4,21631,1000
1770241625902150,131,11,31934,1000
1770241625913894,396,4,27116,1000
1770241625930366,397,4,26922,1000
1770241625940054,398,4,19943,1000
1770241625949531,132,11,29315,1000
1770241625960791,399,4,24014,1000
1770241625981859,400,4,28417,1000
1770241625992702,401,4,22593,1000
1770241626002561,133,11,32345,1000
1770241626015192,402,4,28417,1000
1770241626029492,403,4,26051,1000
1770241626043073,404,4,22966,1000
1770241626055221,134,11,35005,1000
1770241626066842,405,4,30068,1000
1770241626083742,406,4,30302,1000
1770241626093300,407,4,23195,1000
1770241626102927,135,11,32711,1000
1770241626112308,408,4,25537,1000
1770241626131038,409,4,27600,1000
1770241626141162,410,4,21059,1000
1770241626150148,136,11,29931,1000
1770241626162553,411,4,25784,1000
1770241626179407,412,4,25972,1000
1770241626190518,413,4,20417,1000
1770241626199809,137,11,29592,1000
1770241626213154,414,4,26386,1000
1770241626228257,415,4,24823,1000
1770241626239331,416,4,19231,1000
1770241626246652,138,11,25708,1000
1770241626265126,417,4,28360,1000
1770241626282246,418,4,28814,1000
1770241626293040,419,4,22942,1000
1770241626303776,139,11,32832,1000
1770241626313394,420,4,26630,1000
1770241626331179,421,4,27748,1000
1770241626343703,422,4,23606,1000
1770241626354901,140,11,33957,1000
1770241626361452,423,4,23846,1000
1770241626381335,424,4,26732,1000
1770241626390597,141,11,19652,1000
1770241626399213,425,4,27945,1000
1770241626416467,426,4,28532,1000
1770241626434002,427,4,28402,1000
1770241626441262,428,4,18663,1000
1770241626453747,142,11,31145,1000
1770241626467417,429,4,28151,1000
1770241626482394,430,4,26463,1000
1770241626493166,431,4,20568,1000
1770241626502468,143,11,29859,1000
1770241626515404,432,4,26140,1000
1770241626532826,433,4,26896,1000
1770241626545122,434,4,22522,1000
1770241626555344,144,11,32723,1000
1770241626566146,435,4,26881,1000
1770241626582515,436,4,26584,1000
1770241626593742,437,4,21145,1000
1770241626602318,145,11,29697,1000
1770241626615244,438,4,25981,1000
1770241626631918,439,4,25989,1000
1770241626641221,440,4,18624,1000
1770241626651816,146,11,29195,1000
1770241626666080,441,4,26816,1000
1770241626681236,442,4,25303,1000
1770241626689932,443,4,17331,1000
1770241626699874,147,11,27252,1000
1770241626713952,444,4,24685,1000
1770241626732155,445,4,26222,1000
1770241626739980,446,4,17381,1000
1770241626750429,148,11,27807,1000
1770241626765446,447,4,26180,1000
1770241626783292,448,4,27361,1000
1770241626794589,449,4,21976,1000
1770241626804193,149,11,31570,1000
1770241626814679,450,4,25400,1000
1770241626832550,451,4,26605,1000
1770241626841039,452,4,18427,1000
1770241626850843,150,11,28219,1000
1770241626864420,453,4,25142,1000
1770241626882180,454,4,26236,1000
1770241626891459,455,4,18849,1000
1770241626902130,151,11,29506,1000
1770241626918192,456,4,28916,1000
1770241626930934,457,4,24992,1000
1770241626941543,458,4,18934,1000
1770241626950414,152,11,27789,1000
1770241626966063,459,4,26789,1000
1770241626981720,460,4,25780,1000
1770241626991831,461,4,19225,1000
1770241627000955,153,11,28330,1000
1770241627016107,462,4,26835,1000
1770241627032713,463,4,26774,1000
1770241627041403,464,4,18799,1000
1770241627051384,154,11,28759,1000
1770241627066321,465,4,27050,1000
1770241627084444,466,4,28507,1000
1770241627094440,467,4,21837,1000
1770241627105320,155,11,32695,1000
1770241627116834,468,4,27565,1000
1770241627132550,469,4,26615,1000
1770241627140330,470,4,17729,1000
1770241627149697,156,11,27072,1000
1770241627165324,471,4,26057,1000
1770241627181691,472,4,25758,1000
1770241627191371,473,4,18772,1000
1770241627199355,157,11,26730,1000
1770241627217834,474,4,28569,1000
1770241627233470,475,4,27539,1000
1770241627243412,476,4,20814,1000
1770241627254081,158,11,31456,1000
1770241627266030,477,4,26764,1000
1770241627281874,478,4,25943,1000
1770241627291546,479,4,18931,1000
1770241627299270,159,11,26632,1000
1770241627315850,480,4,26568,1000
1770241627332901,481,4,26953,1000
1770241627342240,482,4,19627,1000
1770241627352886,160,11,30248,1000
1770241627367846,483,4,28565,1000
1770241627382322,484,4,26376,1000
1770241627392866,485,4,20255,1000
1770241627400053,161,11,27415,1000
1770241627416660,486,4,27382,1000
1770241627432921,487,4,26978,1000
1770241627444142,488,4,21533,1000
1770241627454858,162,11,32220,1000
1770241627463877,489,4,24602,1000
1770241627482172,490,4,26230,1000
1770241627490897,491,4,18289,1000
1770241627501294,163,11,28655,1000
1770241627515363,492,4,26089,1000
1770241627535725,493,4,29784,1000
1770241627544350,494,4,21744,1000
1770241627555906,164,11,33268,1000
1770241627564109,495,4,24837,1000
1770241627582144,496,4,26207,1000
1770241627591966,497,4,19362,1000
1770241627603591,165,11,30953,1000
1770241627614050,498,4,24780,1000
1770241627631189,499,4,25253,1000
1770241627643558,500,4,20956,1000
1770241627654773,166,11,32135,1000
1770241627666699,501,4,27431,1000
1770241627683404,502,4,27470,1000
1770241627693745,503,4,21144,1000
1770241627706028,167,11,33390,1000
1770241627716554,504,4,27287,1000
1770241627734576,505,4,28643,1000
1770241627742410,506,4,19812,1000
1770241627754071,168,11,31432,1000
1770241627766979,507,4,27715,1000
1770241627782866,508,4,26935,1000
1770241627794183,509,4,21585,1000
1770241627804482,169,11,31843,1000
1770241627816886,510,4,27622,1000
1770241627833472,511,4,27542,1000
1770241627845128,512,4,22528,1000
1770241627852550,170,11,29911,1000
1770241627866515,513,4,27248,1000
1770241627882466,514,4,26534,1000
1770241627893458,515,4,20857,1000
1770241627899347,171,11,26708,1000
1770241627918117,516,4,28850,1000
1770241627931783,517,4,25850,1000
1770241627944502,518,4,21902,1000
1770241627953824,172,11,31185,1000
1770241627965540,519,4,26274,1000
1770241627983565,520,4,27632,1000
1770241627994569,521,4,21967,1000
1770241628008409,173,11,35770,1000
1770241628018741,522,4,29474,1000
1770241628032611,523,4,26677,1000
1770241628042719,524,4,20120,1000
1770241628053707,174,11,31068,1000
1770241628066534,525,4,27268,1000
1770241628083390,526,4,27459,1000
1770241628094564,527,4,21967,1000
1770241628105665,175,11,33026,1000
1770241628117288,528,4,28024,1000
1770241628133738,529,4,27808,1000
1770241628144802,530,4,22190,1000
1770241628154363,176,11,31724,1000
1770241628165350,531,4,26072,1000
1770241628184491,532,4,28547,1000
1770241628194648,533,4,22038,1000
1770241628204665,177,11,32025,1000
1770241628214343,534,4,25067,1000
1770241628232369,535,4,26427,1000
1770241628242138,536,4,19240,1000
1770241628253948,178,11,31048,1000
1770241628265407,537,4,25843,1000
1770241628280806,538,4,24575,1000
1770241628288473,539,4,15575,1000
1770241628301173,179,11,28258,1000
1770241628316721,540,4,27157,1000
1770241628334013,541,4,27785,1000
1770241628343631,542,4,20736,1000
1770241628352703,180,11,29782,1000
1770241628366457,543,4,26896,1000
1770241628383751,544,4,27525,1000
1770241628393815,545,4,20923,1000
1770241628404318,181,11,31397,1000
1770241628416489,546,4,26931,1000
1770241628433111,547,4,26887,1000
1770241628444699,548,4,21809,1000
1770241628457222,182,11,34300,1000
1770241628464311,549,4,24754,1000
1770241628483508,550,4,27285,1000
1770241628494147,551,4,21258,1000
1770241628504215,183,11,31294,1000
1770241628518586,552,4,29031,1000
1770241628534065,553,4,27844,1000
1770241628542178,554,4,19291,1000
1770241628552808,184,11,29886,1000
1770241628565252,555,4,25698,1000
1770241628582954,556,4,26734,1000
1770241628595188,557,4,22302,1000
1770241628603238,185,11,30316,1000
1770241628616714,558,4,27162,1000
1770241628630996,559,4,24778,1000
1770241628639611,560,4,16727,1000
1770241628651422,186,11,28500,1000
1770241628666011,561,4,26461,1000
1770241628681976,562,4,25760,1000
1770241628692000,563,4,19118,1000
1770241628701573,187,11,28651,1000
1770241628718482,564,4,28934,1000
1770241628734610,565,4,28396,1000
1770241628747427,566,4,24547,1000
1770241628754677,188,11,31755,1000
1770241628769276,567,4,29727,1000
1770241628784923,568,4,28710,1000
1770241628795510,569,4,22631,1000
1770241628805748,189,11,32826,1000
1770241628812930,570,4,23385,1000
1770241628832665,571,4,26454,1000
1770241628843954,572,4,21077,1000
1770241628854327,190,11,31405,1000
1770241628867521,573,4,27978,1000
1770241628880437,574,4,24228,1000
1770241628889013,575,4,16138,1000
1770241628900114,191,11,27192,1000
1770241628913393,576,4,23851,1000
1770241628931570,577,4,25363,1000
1770241628942550,578,4,19677,1000
1770241628954211,192,11,31289,1000
1770241628968920,579,4,29380,1000
1770241628980732,580,4,24526,1000
1770241628992172,581,4,19300,1000
1770241629002304,193,11,29382,1000
1770241629017052,582,4,27514,1000
1770241629033586,583,4,27382,1000
1770241629045350,584,4,22480,1000
1770241629056824,194,11,33902,1000
1770241629065154,585,4,25618,1000
1770241629083358,586,4,27156,1000
1770241629095515,587,4,22647,1000
1770241629106253,195,11,33331,1000
1770241629116940,588,4,27402,1000
1770241629135243,589,4,29039,1000
1770241629145199,590,4,22328,1000
1770241629155319,196,11,32396,1000
1770241629167489,591,4,27953,1000
1770241629182211,592,4,26009,1000
1770241629189729,593,4,16861,1000
1770241629199846,197,11,26923,1000
1770241629214176,594,4,24642,1000
1770241629234468,595,4,28268,1000
1770241629245348,596,4,22482,1000
1770241629255647,198,11,32724,1000
1770241629265471,597,4,25939,1000
1770241629281955,598,4,25757,1000
1770241629292461,599,4,19597,1000
1770241629302170,199,11,29248,1000
1770241629313005,600,4,23475,1000
1770241629332877,601,4,26681,1000
1770241629344227,602,4,21365,1000
1770241629354392,200,11,31469,1000
1770241629364751,603,4,25223,1000
1770241629385452,604,4,29258,1000
1770241629395171,605,4,22310,1000
1770241629404267,201,11,31344,1000
1770241629417591,606,4,28064,1000
1770241629433418,607,4,27225,1000
1770241629443251,608,4,20392,1000
1770241629454036,202,11,31113,1000
1770241629464806,609,4,25281,1000
1770241629485217,610,4,29026,1000
1770241629496342,611,4,23485,1000
1770241629505381,203,11,32458,1000
1770241629518606,612,4,29083,1000
1770241629532319,613,4,26130,1000
1770241629542109,614,4,19253,1000
1770241629552349,204,11,29426,1000
1770241629564713,615,4,25173,1000
1770241629582495,616,4,26289,1000
1770241629594166,617,4,21293,1000
1770241629604731,205,11,31808,1000
1770241629614625,618,4,25086,1000
1770241629635494,619,4,29289,1000
1770241629645147,620,4,22277,1000
1770241629653685,206,11,30762,1000
1770241629666210,621,4,26674,1000
1770241629681266,622,4,25063,1000
1770241629690889,623,4,18019,1000
1770241629698358,207,11,25435,1000
1770241629718502,624,4,28967,1000
1770241629731729,625,4,25528,1000
1770241629741655,626,4,18788,1000
1770241629750972,208,11,28049,1000
1770241629765155,627,4,25622,1000
1770241629784078,628,4,27879,1000
1770241629793351,629,4,20486,1000
1770241629803907,209,11,30984,1000
1770241629814172,630,4,24641,1000
1770241629830705,631,4,24508,1000
1770241629838883,632,4,16020,1000
1770241629849609,210,11,26686,1000
1770241629865887,633,4,26358,1000
1770241629882653,634,4,26457,1000
1770241629891363,635,4,18499,1000
1770241629900212,211,11,27281,1000
1770241629916881,636,4,27353,1000
1770241629932693,637,4,26499,1000
1770241629944309,638,4,21449,1000
1770241629954065,212,11,31133,1000
1770241629962450,639,4,22924,1000
1770241629982921,640,4,26729,1000
1770241629994900,641,4,22042,1000
1770241630006490,213,11,33559,1000
1770241630013159,642,4,23635,1000
1770241630036445,643,4,30255,1000
1770241630048126,644,4,25270,1000
1770241630056801,214,11,33870,1000
1770241630068333,645,4,28811,1000
1770241630082767,646,4,26578,1000
1770241630093564,647,4,20709,1000
1770241630104886,215,11,31955,1000
1770241630116083,648,4,26563,1000
1770241630134749,649,4,28562,1000
1770241630146161,650,4,23308,1000
1770241630155624,216,11,32693,1000
1770241630164927,651,4,25408,1000
1770241630184123,652,4,27938,1000
1770241630194396,653,4,21543,1000
1770241630204298,217,11,31360,1000
1770241630216481,654,4,26964,1000
1770241630233271,655,4,27088,1000
1770241630243419,656,4,20570,1000
1770241630250464,218,11,27526,1000
1770241630264389,657,4,24874,1000
1770241630282890,658,4,26708,1000
1770241630292248,659,4,19400,1000
1770241630300282,219,11,27344,1000
1770241630314266,660,4,24752,1000
1770241630331988,661,4,25808,1000
1770241630342044,662,4,19198,1000
1770241630353117,220,11,30179,1000
1770241630367165,663,4,27653,1000
1770241630382944,664,4,26766,1000
1770241630396564,665,4,23720,1000
1770241630405640,221,11,32702,1000
1770241630418512,666,4,29002,1000
1770241630433042,667,4,26866,1000
1770241630444255,668,4,21412,1000
1770241630455540,222,11,32602,1000
1770241630464997,669,4,25488,1000
1770241630482998,670,4,26823,1000
1770241630494461,671,4,21620,1000
1770241630504892,223,11,31953,1000
1770241630514320,672,4,24812,1000
1770241630533786,673,4,27613,1000
1770241630547853,674,4,25010,1000
1770241630561489,224,11,38531,1000
1770241630570986,675,4,31452,1000
1770241630583037,676,4,26837,1000
1770241630593679,677,4,20813,1000
1770241630601714,225,11,28755,1000
1770241630616443,678,4,26912,1000
1770241630633625,679,4,27426,1000
1770241630645022,680,4,22159,1000
1770241630655081,226,11,32122,1000
1770241630666311,681,4,26781,1000
1770241630682087,682,4,25891,1000
1770241630692264,683,4,19402,1000
1770241630704470,227,11,31511,1000
1770241630717331,684,4,27803,1000
1770241630733363,685,4,27169,1000
1770241630743554,686,4,20694,1000
1770241630753604,228,11,30645,1000
1770241630766532,687,4,27006,1000
1770241630781578,688,4,25384,1000
1770241630792565,689,4,19707,1000
1770241630800370,229,11,27411,1000
1770241630814162,690,4,24637,1000
1770241630837197,691,4,31006,1000
1770241630845769,692,4,22912,1000
1770241630856653,230,11,33694,1000
1770241630866282,693,4,26759,1000
1770241630881911,694,4,25721,1000
1770241630893077,695,4,20222,1000
1770241630901291,231,11,28332,1000
1770241630917643,696,4,28122,1000
1770241630931749,697,4,25561,1000
1770241630939616,698,4,16762,1000
1770241630949970,232,11,27011,1000
1770241630967690,699,4,28170,1000
1770241630979584,700,4,23398,1000
1770241630988073,701,4,15221,1000
1770241631000737,233,11,27778,1000
1770241631013520,702,4,24002,1000
1770241631032818,703,4,26634,1000
1770241631043460,704,4,20610,1000
1770241631054473,234,11,31514,1000
1770241631066828,705,4,27312,1000
1770241631084509,706,4,28327,1000
1770241631093346,707,4,20497,1000
1770241631103424,235,11,30465,1000
1770241631115152,708,4,25637,1000
1770241631132954,709,4,26773,1000
1770241631142864,710,4,20017,1000
1770241631154881,236,11,31922,1000
1770241631166400,711,4,26887,1000
1770241631182307,712,4,26128,1000
1770241631188376,713,4,15531,1000
1770241631200883,237,11,27923,1000
1770241631216003,714,4,26492,1000
1770241631232579,715,4,26402,1000
1770241631242933,716,4,20090,1000
1770241631252665,238,11,29706,1000
1770241631267846,717,4,28336,1000
1770241631282500,718,4,25318,1000
1770241631292747,239,11,19787,1000
1770241631303411,719,4,28970,1000
1770241631319338,720,4,28231,1000
1770241631336404,721,4,28631,1000
1770241631345118,240,11,22158,1000
1770241631357688,722,4,33249,1000
1770241631367840,723,4,26734,1000
1770241631383569,724,4,25798,1000
1770241631393754,241,11,20794,1000
1770241631402005,725,4,27567,1000
1770241631420441,726,4,29338,1000
1770241631435084,727,4,27314,1000
1770241631445743,242,11,22783,1000
1770241631457947,728,4,33511,1000
1770241631468881,729,4,27779,1000
1770241631479839,730,4,22071,1000
1770241631491256,243,11,18296,1000
1770241631502748,731,4,28314,1000
1770241631517623,732,4,26523,1000
1770241631534703,733,4,26937,1000
1770241631547252,244,11,24292,1000
1770241631557288,734,4,32856,1000
1770241631569675,735,4,28576,1000
1770241631585480,736,4,27716,1000
1770241631595109,245,11,22146,1000
1770241631605520,737,4,31087,1000
1770241631618554,738,4,27457,1000
1770241631633172,739,4,25408,1000
1770241631644321,246,11,21360,1000
1770241631653466,740,4,29037,1000
1770241631667043,741,4,25948,1000
1770241631682622,742,4,24861,1000
1770241631693670,247,11,20709,1000
1770241631703312,743,4,28885,1000
1770241631716440,744,4,25346,1000
1770241631733851,745,4,26092,1000
1770241631742335,248,11,19374,1000
1770241631750323,746,4,25898,1000
1770241631769461,747,4,28368,1000
1770241631784038,748,4,26280,1000
1770241631796088,249,11,23126,1000
1770241631804140,749,4,29716,1000
1770241631817958,750,4,26868,1000
1770241631832491,751,4,24735,1000
1770241631840675,250,11,17714,1000
1770241631851548,752,4,27125,1000
1770241631868546,753,4,27457,1000
1770241631884852,754,4,27097,1000
1770241631896051,251,11,23090,1000
1770241631905027,755,4,30607,1000
1770241631918466,756,4,27379,1000
1770241631930567,757,4,22815,1000
1770241631940332,252,11,17371,1000
1770241631953792,758,4,29374,1000
1770241631968010,759,4,26926,1000
1770241631984062,760,4,26312,1000
1770241631994269,253,11,21308,1000
1770241632004112,761,4,29695,1000
1770241632018002,762,4,26919,1000
1770241632034170,763,4,26420,1000
1770241632046114,254,11,23153,1000
1770241632056825,764,4,32410,1000
1770241632068795,765,4,27714,1000
1770241632083033,766,4,25286,1000
1770241632092417,255,11,19456,1000
1770241632100419,767,4,26006,1000
1770241632118126,768,4,27047,1000
1770241632131337,769,4,23591,1000
1770241632143991,256,11,21029,1000
1770241632153770,770,4,29358,1000
1770241632168688,771,4,27610,1000
1770241632182590,772,4,24846,1000
1770241632192021,257,11,19041,1000
1770241632205063,773,4,30653,1000
1770241632217735,774,4,26659,1000
1770241632233795,775,4,26052,1000
1770241632244691,258,11,21711,1000
1770241632253992,776,4,29584,1000
1770241632268478,777,4,27404,1000
1770241632285503,778,4,27763,1000
1770241632294849,259,11,21867,1000
1770241632305626,779,4,31111,1000
1770241632317301,780,4,26119,1000
1770241632333094,781,4,25246,1000
1770241632343455,260,11,20476,1000
1770241632354881,782,4,30368,1000
1770241632366589,783,4,25092,1000
1770241632383535,784,4,25374,1000
1770241632396405,261,11,23425,1000
1770241632405617,785,4,30791,1000
1770241632419708,786,4,28215,1000
1770241632434956,787,4,26798,1000
1770241632444649,262,11,21669,1000
1770241632452048,788,4,27224,1000
1770241632466853,789,4,25363,1000
1770241632484244,790,4,26088,1000
1770241632493731,263,11,20751,1000
1770241632504190,791,4,29368,1000
1770241632516673,792,4,25185,1000
1770241632532134,793,4,23979,1000
1770241632539830,264,11,16850,1000
1770241632551347,794,4,26526,1000
1770241632568521,795,4,27034,1000
1770241632583155,796,4,25002,1000
1770241632592751,265,11,19771,1000
1770241632604081,797,4,29262,1000
1770241632618695,798,4,27210,1000
1770241632634618,799,4,26467,1000
1770241632643467,266,11,20487,1000
1770241632657185,800,4,32367,1000
1770241632666839,801,4,25355,1000
1770241632681602,802,4,23452,1000
1770241632692017,267,11,19037,1000
1770241632701699,803,4,26883,1000
1770241632718362,804,4,26880,1000
1770241632732528,805,4,24380,1000
1770241632741717,268,11,18737,1000
1770241632748451,806,4,23637,1000
1770241632767538,807,4,26057,1000
1770241632782668,808,4,24522,1000
1770241632793151,269,11,20167,1000
1770241632804891,809,4,30078,1000
1770241632816812,810,4,25332,1000
1770241632836295,811,4,28149,1000
1770241632848419,270,11,25439,1000
1770241632855606,812,4,30794,1000
1770241632871001,813,4,29524,1000
1770241632883329,814,4,25186,1000
1770241632891081,271,11,18100,1000
1770241632901789,815,4,26980,1000
1770241632919025,816,4,27550,1000
1770241632933207,817,4,25066,1000
1770241632944683,272,11,21703,1000
1770241632950289,818,4,25482,1000
1770241632965448,819,4,23975,1000
1770241632980857,820,4,22718,1000
1770241632988894,273,11,15913,1000
1770241633001903,821,4,27097,1000
1770241633021431,822,4,29959,1000
1770241633030648,823,4,22509,1000
1770241633041704,274,11,18723,1000
1770241633052143,824,4,27339,1000
1770241633066381,825,4,24908,1000
1770241633081778,826,4,23642,1000
1770241633092962,275,11,19980,1000
1770241633102350,827,4,27548,1000
1770241633117975,828,4,26506,1000
1770241633131816,829,4,23682,1000
1770241633142811,276,11,19830,1000
1770241633153221,830,4,28421,1000
1770241633168554,831,4,27088,1000
1770241633182628,832,4,24496,1000
1770241633194069,277,11,21088,1000
1770241633204610,833,4,29812,1000
1770241633217978,834,4,26513,1000
1770241633234622,835,4,26491,1000
1770241633242208,278,11,19224,1000
1770241633253111,836,4,28314,1000
1770241633268009,837,4,26546,1000
1770241633283114,838,4,24985,1000
1770241633292497,279,11,19516,1000
1770241633304283,839,4,29488,1000
1770241633316810,840,4,25349,1000
1770241633334452,841,4,26325,1000
1770241633343635,280,11,20654,1000
1770241633354915,842,4,30122,1000
1770241633367995,843,4,26536,1000
1770241633380533,844,4,22408,1000
1770241633390566,281,11,17584,1000
1770241633399160,845,4,24368,1000
1770241633419225,846,4,27767,1000
1770241633433904,847,4,25780,1000
1770241633445396,282,11,22415,1000
1770241633454854,848,4,30064,1000
1770241633469558,849,4,28101,1000
1770241633481426,850,4,23304,1000
1770241633492522,283,11,19540,1000
1770241633502930,851,4,28142,1000
1770241633518188,852,4,26734,1000
1770241633532461,853,4,24341,1000
1770241633542567,284,11,19585,1000
1770241633552950,854,4,28164,1000
1770241633569472,855,4,28019,1000
1770241633582767,856,4,24649,1000
1770241633591818,285,11,18836,1000
1770241633601119,857,4,26335,1000
1770241633618690,858,4,27239,1000
1770241633629888,859,4,21771,1000
1770241633637613,286,11,14631,1000
1770241633654271,860,4,29488,1000
1770241633669485,861,4,28036,1000
1770241633685469,862,4,27354,1000
1770241633697388,287,11,24406,1000
1770241633707409,863,4,32628,1000
1770241633715487,864,4,24040,1000
1770241633734121,865,4,26008,1000
1770241633744099,288,11,21117,1000
1770241633755682,866,4,30903,1000
1770241633768114,867,4,26669,1000
1770241633782072,868,4,23961,1000
1770241633790388,289,11,17406,1000
1770241633801431,869,4,26654,1000
1770241633819202,870,4,27759,1000
1770241633830587,871,4,22478,1000
1770241633841863,290,11,18881,1000
1770241633851954,872,4,27178,1000
1770241633868084,873,4,26642,1000
1770241633884340,874,4,26232,1000
1770241633895990,291,11,23008,1000
1770241633905266,875,4,30492,1000
1770241633916177,876,4,24737,1000
1770241633933866,877,4,25760,1000
1770241633944580,292,11,21598,1000
1770241633954096,878,4,29324,1000
1770241633968365,879,4,26926,1000
1770241633983750,880,4,25646,1000
1770241633991935,293,11,18953,1000
1770241634000028,881,4,25258,1000
1770241634018730,882,4,27293,1000
1770241634031959,883,4,23856,1000
1770241634040063,294,11,17081,1000
1770241634050521,884,4,25750,1000
1770241634067707,885,4,26272,1000
1770241634083329,886,4,25228,1000
1770241634094052,295,11,21070,1000
1770241634103566,887,4,28799,1000
1770241634118919,888,4,27486,1000
1770241634131206,889,4,23107,1000
1770241634142030,296,11,19048,1000
1770241634149601,890,4,24836,1000
1770241634168817,891,4,27385,1000
1770241634183482,892,4,25384,1000
1770241634191948,297,11,18965,1000
1770241634205251,893,4,30487,1000
1770241634218995,894,4,27565,1000
1770241634233446,895,4,25350,1000
1770241634243443,298,11,20460,1000
1770241634252997,896,4,28235,1000
1770241634268633,897,4,27204,1000
1770241634284543,898,4,26449,1000
1770241634294841,299,11,21858,1000
1770241634303370,899,4,28610,1000
1770241634319288,900,4,27862,1000
1770241634335788,901,4,27696,1000
1770241634346199,300,11,23216,1000
1770241634355389,902,4,30631,1000
1770241634365356,903,4,23931,1000
1770241634383083,904,4,24992,1000
1770241634392547,301,11,19564,1000
1770241634402334,905,4,27577,1000
1770241634418910,906,4,27487,1000
1770241634434039,907,4,25950,1000
1770241634444735,302,11,21752,1000
1770241634455591,908,4,30836,1000
1770241634466272,909,4,24851,1000
1770241634482156,910,4,24069,1000
1770241634489450,303,11,16467,1000
1770241634503193,911,4,28440,1000
1770241634518696,912,4,27277,1000
1770241634533919,913,4,25834,1000
1770241634542665,304,11,19681,1000
1770241634551203,914,4,26451,1000
1770241634569364,915,4,27946,1000
1770241634584059,916,4,25975,1000
1770241634594937,305,11,21953,1000
1770241634606511,917,4,31761,1000
1770241634618115,918,4,26699,1000
1770241634635578,919,4,27496,1000
1770241634642414,306,11,19431,1000
1770241634652292,920,4,27544,1000
1770241634668743,921,4,27329,1000
1770241634684286,922,4,26206,1000
1770241634693281,307,11,20298,1000
1770241634702560,923,4,27814,1000
1770241634718647,924,4,27234,1000
1770241634732962,925,4,24883,1000
1770241634744356,308,11,21372,1000
1770241634752137,926,4,27392,1000
1770241634768196,927,4,26785,1000
1770241634781928,928,4,23851,1000
1770241634789143,309,11,16159,1000
1770241634801481,929,4,26738,1000
1770241634817616,930,4,26207,1000
1770241634832303,931,4,24228,1000
1770241634842735,310,11,19751,1000
1770241634851798,932,4,27057,1000
1770241634869205,933,4,27798,1000
1770241634882338,934,4,24263,1000
1770241634894812,311,11,21828,1000
1770241634902523,935,4,27784,1000
1770241634917936,936,4,26531,1000
1770241634933783,937,4,25711,1000
1770241634944687,312,11,21703,1000
1770241634951989,938,4,27251,1000
1770241634967175,939,4,25771,1000
1770241634984711,940,4,26641,1000
1770241634997108,313,11,24124,1000
1770241635006452,941,4,31716,1000
1770241635017835,942,4,26433,1000
1770241635033337,943,4,25268,1000
1770241635042207,314,11,19223,1000
1770241635051524,944,4,26790,1000
1770241635068196,945,4,26794,1000
1770241635084824,946,4,26756,1000
1770241635095344,315,11,22356,1000
1770241635105779,947,4,31045,1000
1770241635118217,948,4,26818,1000
1770241635133887,949,4,25822,1000
1770241635143895,316,11,20910,1000
1770241635154730,950,4,29999,1000
1770241635168231,951,4,26833,1000
1770241635182512,952,4,24449,1000
1770241635191426,317,11,18441,1000
1770241635201369,953,4,26640,1000
1770241635218077,954,4,26682,1000
1770241635231342,955,4,23280,1000
1770241635238036,318,11,15051,1000
1770241635252372,956,4,27644,1000
1770241635266317,957,4,24923,1000
1770241635282885,958,4,24825,1000
1770241635292235,319,11,19251,1000
1770241635301805,959,4,27079,1000
1770241635319639,960,4,28247,1000
1770241635333939,961,4,25881,1000
1770241635343496,320,11,20511,1000
1770241635353314,962,4,28590,1000
1770241635365556,963,4,24166,1000
1770241635384867,964,4,26810,1000
1770241635394683,321,11,21698,1000
1770241635403749,965,4,29027,1000
1770241635416776,966,4,25388,1000
1770241635435444,967,4,27390,1000
1770241635446650,322,11,23666,1000
1770241635457013,968,4,32293,1000
1770241635468034,969,4,26648,1000
1770241635481649,970,4,23597,1000
1770241635491623,323,11,18638,1000
1770241635501854,971,4,27136,1000
1770241635516808,972,4,25423,1000
1770241635534097,973,4,26046,1000
1770241635544754,324,11,21769,1000
1770241635553927,974,4,29210,1000
1770241635566721,975,4,25319,1000
1770241635582580,976,4,24512,1000
1770241635592861,325,11,19876,1000
1770241635602747,977,4,28013,1000
1770241635618001,978,4,26601,1000
1770241635630105,979,4,22038,1000
1770241635640408,326,11,17423,1000
1770241635650590,980,4,25858,1000
1770241635666783,981,4,25385,1000
1770241635682404,982,4,24337,1000
1770241635692460,327,11,19474,1000
1770241635702722,983,4,27992,1000
1770241635717786,984,4,26390,1000
1770241635731544,985,4,23482,1000
1770241635741012,328,11,18027,1000
1770241635750464,986,4,25735,1000
1770241635768461,987,4,27066,1000
1770241635780994,988,4,22933,1000
1770241635789839,329,11,16854,1000
1770241635799677,989,4,24950,1000
1770241635820011,990,4,28618,1000
1770241635834404,991,4,26345,1000
1770241635844934,330,11,21949,1000
1770241635854221,992,4,29496,1000
1770241635870022,993,4,28631,1000
1770241635883262,994,4,25205,1000
1770241635894349,331,11,21364,1000
1770241635904902,995,4,30179,1000
1770241635918461,996,4,27072,1000
1770241635935790,997,4,27735,1000
1770241635945875,332,11,22889,1000
1770241635956165,998,4,31443,1000
1770241635967794,999,4,26406,1000
1770241635984363,1000,4,26310,1000
1770241635996150,333,11,23165,1000
1770241636005766,1001,4,31046,1000
1770241636014163,1002,4,22777,1000
1770241636035049,1003,4,26997,1000
1770241636047022,334,11,24036,1000
1770241636057945,1004,4,33227,1000
1770241636068042,1005,4,26658,1000
1770241636082525,1006,4,24475,1000
1770241636091694,335,11,18708,1000
1770241636102386,1007,4,27670,1000
1770241636118604,1008,4,27222,1000
1770241636133044,1009,4,24996,1000
1770241636142734,336,11,19748,1000
1770241636153796,1010,4,29082,1000
1770241636167342,1011,4,25962,1000
1770241636181568,1012,4,23521,1000
1770241636191710,337,11,18724,1000
1770241636203979,1013,4,29266,1000
1770241636218756,1014,4,27377,1000
1770241636232979,1015,4,24934,1000
1770241636245156,338,11,22170,1000
1770241636255005,1016,4,30294,1000
1770241636266082,1017,4,24705,1000
1770241636282513,1018,4,24470,1000
1770241636292454,339,11,19468,1000
1770241636304191,1019,4,29482,1000
1770241636319082,1020,4,27707,1000
1770241636331266,1021,4,23224,1000
1770241636340295,340,11,17308,1000
1770241636351993,1022,4,27285,1000
1770241636365621,1023,4,24247,1000
1770241636383756,1024,4,25716,1000
1770241636394875,341,11,21889,1000
1770241636407506,1025,4,32800,1000
1770241636418576,1026,4,27204,1000
1770241636433034,1027,4,24996,1000
1770241636447412,342,11,24425,1000
1770241636458756,1028,4,34052,1000
1770241636470186,1029,4,28815,1000
1770241636481065,1030,4,23028,1000
1770241636492264,343,11,19277,1000
1770241636502935,1031,4,28232,1000
1770241636516884,1032,4,25513,1000
1770241636532929,1033,4,24894,1000
1770241636543405,344,11,20417,1000
1770241636553843,1034,4,29142,1000
1770241636570630,1035,4,29249,1000
1770241636585134,1036,4,27087,1000
1770241636597571,345,11,24576,1000
1770241636606680,1037,4,31967,1000
1770241636617998,1038,4,26619,1000
1770241636632609,1039,4,24563,1000
1770241636639047,346,11,16052,1000
1770241636651742,1040,4,27030,1000
1770241636670277,1041,4,28899,1000
1770241636683682,1042,4,25638,1000
1770241636694909,347,11,21914,1000
1770241636706251,1043,4,31541,1000
1770241636719157,1044,4,27781,1000
1770241636731912,1045,4,23868,1000
1770241636740484,348,11,17488,1000
1770241636751384,1046,4,26675,1000
1770241636767132,1047,4,25756,1000
1770241636781430,1048,4,23389,1000
1770241636790867,349,11,17870,1000
1770241636802048,1049,4,27341,1000
1770241636820298,1050,4,28924,1000
1770241636835498,1051,4,27458,1000
1770241636844490,350,11,21494,1000
1770241636854461,1052,4,29756,1000
1770241636869251,1053,4,27879,1000
1770241636881879,1054,4,23840,1000
1770241636891560,351,11,18564,1000
1770241636902300,1055,4,27597,1000
1770241636919943,1056,4,28573,1000
1770241636932148,1057,4,24112,1000
1770241636941515,352,11,18519,1000
1770241636953022,1058,4,28320,1000
1770241636970034,1059,4,28666,1000
1770241636984091,1060,4,26057,1000
1770241636993909,353,11,20913,1000
1770241637003525,1061,4,28825,1000
1770241637018141,1062,4,26775,1000
1770241637037114,1063,4,29082,1000
1770241637048059,354,11,25063,1000
1770241637059624,1064,4,34926,1000
1770241637069752,1065,4,28388,1000
1770241637083541,1066,4,25510,1000
1770241637094225,355,11,21229,1000
1770241637104212,1067,4,29515,1000
1770241637115787,1068,4,24423,1000
1770241637130884,1069,4,22855,1000
1770241637141775,356,11,18779,1000
1770241637151037,1070,4,26342,1000
1770241637168803,1071,4,27441,1000
1770241637184953,1072,4,26925,1000
1770241637193842,357,11,20841,1000
1770241637202860,1073,4,28167,1000
1770241637215652,1074,4,24292,1000
1770241637232430,1075,4,24403,1000
1770241637240394,358,11,17396,1000
1770241637251286,1076,4,26595,1000
1770241637268445,1077,4,27086,1000
1770241637282725,1078,4,24698,1000
1770241637292535,359,11,19538,1000
1770241637302538,1079,4,27848,1000
1770241637318030,1080,4,26674,1000
1770241637335471,1081,4,27446,1000
1770241637345210,360,11,22212,1000
1770241637356393,1082,4,31705,1000
1770241637368046,1083,4,26691,1000
1770241637383325,1084,4,25304,1000
1770241637392244,361,11,19247,1000
1770241637401850,1085,4,27164,1000
1770241637419076,1086,4,27723,1000
1770241637434913,1087,4,26894,1000
1770241637444972,362,11,21975,1000
1770241637454533,1088,4,29849,1000
1770241637467604,1089,4,26253,1000
1770241637484140,1090,4,26123,1000
1770241637495899,363,11,22902,1000
1770241637504503,1091,4,29820,1000
1770241637519549,1092,4,28198,1000
1770241637533283,1093,4,25267,1000
1770241637541968,364,11,18971,1000
1770241637551505,1094,4,26824,1000
1770241637566688,1095,4,25341,1000
1770241637581746,1096,4,23732,1000
1770241637592494,365,11,19497,1000
1770241637602899,1097,4,28219,1000
1770241637617534,1098,4,26187,1000
1770241637632273,1099,4,24261,1000
1770241637641110,366,11,18110,1000
1770241637651800,1100,4,27122,1000
1770241637667689,1101,4,26345,1000
1770241637681928,1102,4,23918,1000
1770241637693899,367,11,20902,1000
1770241637706070,1103,4,31394,1000
1770241637715869,1104,4,24527,1000
1770241637732673,1105,4,24665,1000
1770241637741712,368,11,18715,1000
1770241637753898,1106,4,29224,1000
1770241637765962,1107,4,24622,1000
1770241637782704,1108,4,24698,1000
1770241637789634,369,11,16637,1000
1770241637798989,1109,4,24316,1000
1770241637819349,1110,4,28010,1000
1770241637831100,1111,4,23095,1000
1770241637844795,370,11,21796,1000
1770241637856062,1112,4,31043,1000
1770241637868609,1113,4,26924,1000
1770241637881654,1114,4,23303,1000
1770241637893129,371,11,20131,1000
1770241637902135,1115,4,27118,1000
1770241637917214,1116,4,25531,1000
1770241637935548,1117,4,27198,1000
1770241637946979,372,11,23980,1000
1770241637956211,1118,4,31195,1000
1770241637969318,1119,4,27636,1000
1770241637980848,1120,4,22501,1000
1770241637992667,373,11,19669,1000
1770241638001439,1121,4,26425,1000
1770241638018120,1122,4,26440,1000
1770241638034541,1123,4,26195,1000
1770241638042435,374,11,19437,1000
1770241638050599,1124,4,25587,1000
1770241638069053,1125,4,27375,1000
1770241638082722,1126,4,24378,1000
1770241638092403,375,11,19405,1000
1770241638102090,1127,4,27080,1000
1770241638117791,1128,4,26115,1000
1770241638132865,1129,4,24523,1000
1770241638144552,376,11,21554,1000
1770241638155037,1130,4,30026,1000
1770241638167765,1131,4,26091,1000
1770241638183518,1132,4,25178,1000
1770241638194600,377,11,21602,1000
1770241638204035,1133,4,29029,1000
1770241638218686,1134,4,27014,1000
1770241638231545,1135,4,23207,1000
1770241638243386,378,11,20388,1000
1770241638251271,1136,4,26267,1000
1770241638267598,1137,4,25927,1000
1770241638282941,1138,4,24604,1000
1770241638293357,379,11,20359,1000
1770241638304664,1139,4,29662,1000
1770241638319080,1140,4,27411,1000
1770241638332294,1141,4,23959,1000
1770241638341703,380,11,18704,1000
1770241638350206,1142,4,25205,1000
1770241638367873,1143,4,26206,1000
1770241638385470,1144,4,27136,1000
1770241638394902,381,11,21903,1000
1770241638405650,1145,4,30651,1000
1770241638418697,1146,4,27032,1000
1770241638435281,1147,4,26950,1000
1770241638445876,382,11,22877,1000
1770241638457937,1148,4,32940,1000
1770241638466266,1149,4,24602,1000
1770241638482057,1150,4,23728,1000
1770241638491679,383,11,18680,1000
1770241638503163,1151,4,28168,1000
1770241638520492,1152,4,28830,1000
1770241638535912,1153,4,27584,1000
1770241638543680,384,11,20681,1000
1770241638553503,1154,4,28509,1000
1770241638567311,1155,4,25651,1000
1770241638583231,1156,4,24905,1000
1770241638591824,385,11,18825,1000
1770241638602227,1157,4,27235,1000
1770241638618822,1158,4,27164,1000
1770241638633765,1159,4,25440,1000
1770241638644210,386,11,21211,1000
1770241638654569,1160,4,29579,1000
1770241638666366,1161,4,24709,1000
1770241638681906,1162,4,23583,1000
1770241638690980,387,11,17981,1000
1770241638700856,1163,4,25867,1000
1770241638719353,1164,4,27698,1000
1770241638731917,1165,4,23596,1000
1770241638741896,388,11,18897,1000
1770241638753964,1166,4,28977,1000
1770241638768636,1167,4,26983,1000
1770241638780825,1168,4,22506,1000
1770241638790722,389,11,17723,1000
1770241638803243,1169,4,28258,1000
1770241638821468,1170,4,29817,1000
1770241638832335,1171,4,24018,1000
1770241638842961,390,11,19962,1000
1770241638855170,1172,4,30187,1000
1770241638870297,1173,4,28648,1000
1770241638881773,1174,4,23458,1000
1770241638892218,391,11,19219,1000
1770241638899946,1175,4,24965,1000
1770241638921930,1176,4,30282,1000
1770241638932899,1177,4,21632,1000
1770241638942360,392,11,19360,1000
1770241638952890,1178,4,24958,1000
1770241638968407,1179,4,23805,1000
1770241638982222,1180,4,20955,1000
1770241638991218,393,11,18218,1000
1770241639005432,1181,4,27499,1000
1770241639022522,1182,4,27923,1000
1770241639033809,1183,4,22544,1000
1770241639042406,394,11,19406,1000
1770241639054561,1184,4,26630,1000
1770241639072121,1185,4,27517,1000
1770241639082784,1186,4,21515,1000
1770241639093210,395,11,20210,1000
1770241639104875,1187,4,26940,1000
1770241639121346,1188,4,26745,1000
1770241639132816,1189,4,21549,1000
1770241639143323,396,11,20322,1000
1770241639156203,1190,4,28270,1000
1770241639172570,1191,4,27970,1000
1770241639182866,1192,4,21601,1000
1770241639190020,397,11,17020,1000
1770241639205023,1193,4,27091,1000
1770241639222297,1194,4,27699,1000
1770241639232004,1195,4,20740,1000
1770241639239829,398,11,16829,1000
1770241639254096,1196,4,26166,1000
1770241639270399,1197,4,25798,1000
1770241639284837,1198,4,23570,1000
1770241639293224,399,11,20224,1000
1770241639304524,1199,4,26592,1000
1770241639322608,1200,4,28007,1000
1770241639335880,1201,4,24613,1000
1770241639343347,400,11,20347,1000
1770241639357828,1202,4,29895,1000
1770241639373271,1203,4,28672,1000
1770241639385718,1204,4,24452,1000
1770241639394081,401,11,21080,1000
1770241639403390,1205,4,25458,1000
1770241639421235,1206,4,26637,1000
1770241639433391,1207,4,22127,1000
1770241639442769,402,11,19769,1000
1770241639456523,1208,4,28593,1000
1770241639470694,1209,4,26097,1000
1770241639483480,1210,4,22216,1000
1770241639493454,403,11,20419,1000
1770241639502846,1211,4,24916,1000
1770241639521506,1212,4,26908,1000
1770241639535652,1213,4,24388,1000
1770241639546107,404,11,23072,1000
1770241639555473,1214,4,27531,1000
1770241639572409,1215,4,27801,1000
1770241639586028,1216,4,24754,1000
1770241639595883,405,11,22848,1000
1770241639607912,1217,4,29972,1000
1770241639623391,1218,4,28784,1000
1770241639633064,1219,4,21792,1000
1770241639643425,406,11,20390,1000
1770241639653927,1220,4,25989,1000
1770241639672604,1221,4,28000,1000
1770241639681801,1222,4,20531,1000
1770241639690939,407,11,17904,1000
1770241639705075,1223,4,27139,1000
1770241639720995,1224,4,26393,1000
1770241639734256,1225,4,22987,1000
1770241639743415,408,11,20380,1000
1770241639754382,1226,4,26447,1000
1770241639774290,1227,4,29689,1000
1770241639782272,1228,4,21005,1000
1770241639794477,409,11,21437,1000
1770241639805635,1229,4,27702,1000
1770241639821692,1230,4,27093,1000
1770241639834321,1231,4,23056,1000
1770241639843205,410,11,20170,1000
1770241639854389,1232,4,26458,1000
1770241639871738,1233,4,27140,1000
1770241639884187,1234,4,22923,1000
1770241639894308,411,11,21273,1000
1770241639905350,1235,4,27420,1000
1770241639923076,1236,4,28478,1000
1770241639935348,1237,4,24084,1000
1770241639944991,412,11,21955,1000
1770241639955218,1238,4,27288,1000
1770241639971251,1239,4,26653,1000
1770241639982549,1240,4,21286,1000
1770241639993201,413,11,20165,1000
1770241640004862,1241,4,26932,1000
1770241640022168,1242,4,27570,1000
1770241640033792,1243,4,22528,1000
1770241640046625,414,11,23589,1000
1770241640056738,1244,4,28808,1000
1770241640071606,1245,4,24975,1000
1770241640084935,1246,4,21638,1000
1770241640097308,415,11,24272,1000
1770241640105687,1247,4,25724,1000
1770241640123838,1248,4,27209,1000
1770241640134969,1249,4,21674,1000
1770241640144422,416,11,21386,1000
1770241640155100,1250,4,25139,1000
1770241640172400,1251,4,25773,1000
1770241640185486,1252,4,22193,1000
1770241640194455,417,11,21419,1000
1770241640204995,1253,4,25036,1000
1770241640224564,1254,4,27939,1000
1770241640233733,1255,4,20442,1000
1770241640244138,418,11,21102,1000
1770241640258011,1256,4,28054,1000
1770241640275540,1257,4,28917,1000
1770241640285136,1258,4,21846,1000
1770241640293870,419,11,20833,1000
1770241640307341,1259,4,27385,1000
1770241640323172,1260,4,26550,1000
1770241640332763,1261,4,19475,1000
1770241640341535,420,11,18499,1000
1770241640357983,1262,4,28029,1000
1770241640373289,1263,4,26636,1000
1770241640387289,1264,4,23969,1000
1770241640397517,421,11,24480,1000
1770241640408142,1265,4,28156,1000
1770241640421707,1266,4,25055,1000
1770241640432303,1267,4,18985,1000
1770241640446156,422,11,23120,1000
1770241640454503,1268,4,24519,1000
1770241640473816,1269,4,27166,1000
1770241640482192,1270,4,18875,1000
1770241640490352,423,11,17316,1000
1770241640504781,1271,4,24799,1000
1770241640521789,1272,4,25140,1000
1770241640533641,1273,4,20326,1000
1770241640542378,424,11,19341,1000
1770241640557255,1274,4,27274,1000
1770241640571790,1275,4,25143,1000
1770241640583328,1276,4,20015,1000
1770241640591063,425,11,18026,1000
1770241640607842,1277,4,27859,1000
1770241640623073,1278,4,26428,1000
1770241640632491,1279,4,19180,1000
1770241640646757,426,11,23720,1000
1770241640654468,1280,4,24491,1000
1770241640672711,1281,4,26068,1000
1770241640681244,1282,4,17935,1000
1770241640688790,427,11,15753,1000
1770241640708042,1283,4,28066,1000
1770241640720076,1284,4,23434,1000
1770241640732840,1285,4,19532,1000
1770241640741391,428,11,18354,1000
1770241640757569,1286,4,27595,1000
1770241640773686,1287,4,27046,1000
1770241640782769,1288,4,19463,1000
1770241640793509,429,11,20472,1000
1770241640810238,1289,4,30266,1000
1770241640822064,1290,4,25426,1000
1770241640831642,1291,4,18338,1000
1770241640840701,430,11,17664,1000
1770241640857482,1292,4,27511,1000
1770241640875427,1293,4,27204,1000
1770241640885270,1294,4,20381,1000
1770241640895467,431,11,22430,1000
1770241640909985,1295,4,28430,1000
1770241640924845,1296,4,26624,1000
1770241640934463,1297,4,19576,1000
1770241640944605,432,11,21568,1000
1770241640958562,1298,4,27008,1000
1770241640976660,1299,4,28440,1000
1770241640985484,1300,4,20598,1000
1770241640992513,433,11,19476,1000
1770241641008515,1301,4,26963,1000
1770241641024436,1302,4,26218,1000
1770241641030251,1303,4,15367,1000
1770241641042248,434,11,19211,1000
1770241641059611,1304,4,28061,1000
1770241641074920,1305,4,26703,1000
1770241641083384,1306,4,18502,1000
1770241641091579,435,11,18542,1000
1770241641107809,1307,4,26260,1000
1770241641123494,1308,4,25279,1000
1770241641132350,1309,4,17469,1000
1770241641142328,436,11,19291,1000
1770241641156962,1310,4,24606,1000
1770241641177318,1311,4,28295,1000
1770241641188493,1312,4,22804,1000
1770241641198272,437,11,25234,1000
1770241641209522,1313,4,27167,1000
1770241641225004,1314,4,25983,1000
1770241641237369,1315,4,21681,1000
1770241641247891,438,11,24853,1000
1770241641259045,1316,4,26692,1000
1770241641277507,1317,4,28488,1000
1770241641287141,1318,4,21456,1000
1770241641299069,439,11,26032,1000
1770241641310353,1319,4,28002,1000
1770241641326286,1320,4,27268,1000
1770241641339581,1321,4,23897,1000
1770241641349645,440,11,26608,1000
1770241641359131,1322,4,26781,1000
1770241641378508,1323,4,28920,1000
1770241641388597,1324,4,22344,1000
1770241641398372,441,11,25334,1000
1770241641411104,1325,4,28185,1000
1770241641423771,1326,4,24185,1000
1770241641436477,1327,4,20224,1000
1770241641448668,442,11,25631,1000
1770241641461138,1328,4,28220,1000
1770241641475343,1329,4,25759,1000
1770241641487606,1330,4,21356,1000
1770241641498157,443,11,25119,1000
1770241641507803,1331,4,24887,1000
1770241641529427,1332,4,29845,1000
1770241641538164,1333,4,21916,1000
1770241641547618,444,11,24580,1000
1770241641560012,1334,4,27098,1000
1770241641577217,1335,4,27637,1000
1770241641588726,1336,4,22480,1000
1770241641597984,445,11,24946,1000
1770241641607495,1337,4,24583,1000
1770241641626693,1338,4,27114,1000
1770241641635846,1339,4,19601,1000
1770241641645724,446,11,22686,1000
1770241641659318,1340,4,26407,1000
1770241641676252,1341,4,26675,1000
1770241641687486,1342,4,21243,1000
1770241641696692,447,11,23654,1000
1770241641710910,1343,4,28001,1000
1770241641730287,1344,4,30712,1000
1770241641741435,1345,4,25194,1000
1770241641750768,448,11,27730,1000
1770241641758478,1346,4,25571,1000
1770241641777019,1347,4,27446,1000
1770241641788971,1348,4,22732,1000
1770241641800483,449,11,27445,1000
1770241641808875,1349,4,25969,1000
1770241641823803,1350,4,24231,1000
1770241641834338,1351,4,18100,1000
1770241641843531,450,11,20493,1000
1770241641860977,1352,4,28073,1000
1770241641875465,1353,4,25895,1000
1770241641885959,1354,4,19723,1000
1770241641894609,451,11,21570,1000
1770241641908344,1355,4,25442,1000
1770241641925906,1356,4,26337,1000
1770241641935143,1357,4,18909,1000
1770241641946722,452,11,23683,1000
1770241641958257,1358,4,25357,1000
1770241641977297,1359,4,27731,1000
1770241641988248,1360,4,22016,1000
1770241641998013,453,11,24974,1000
1770241642009040,1361,4,26141,1000
1770241642025461,1362,4,25896,1000
1770241642033975,1363,4,17744,1000
1770241642045416,454,11,22377,1000
1770241642060654,1364,4,27757,1000
1770241642077973,1365,4,28410,1000
1770241642088247,1366,4,22018,1000
1770241642096835,455,11,23796,1000
1770241642111392,1367,4,28497,1000
1770241642127508,1368,4,27947,1000
1770241642138906,1369,4,22679,1000
1770241642149535,456,11,26496,1000
1770241642157659,1370,4,24766,1000
1770241642171863,1371,4,22303,1000
1770241642180879,1372,4,14653,1000
1770241642190411,457,11,17372,1000
1770241642211591,1373,4,28699,1000
1770241642229704,1374,4,30146,1000
1770241642241696,1375,4,25116,1000
1770241642251483,458,11,28444,1000
1770241642260913,1376,4,27667,1000
1770241642274676,1377,4,24764,1000
1770241642286033,1378,4,19455,1000
1770241642296911,459,11,23872,1000
1770241642309565,1379,4,26321,1000
1770241642327704,1380,4,27793,1000
1770241642340633,1381,4,24057,1000
1770241642350177,460,11,27138,1000
1770241642359178,1382,4,25936,1000
1770241642379695,1383,4,29515,1000
1770241642389062,1384,4,22216,1000
1770241642397855,461,11,24815,1000
1770241642409859,1385,4,26347,1000
1770241642429036,1386,4,28858,1000
1770241642438142,1387,4,21298,1000
1770241642448808,462,11,25768,1000
1770241642459905,1388,4,26395,1000
1770241642475912,1389,4,25735,1000
1770241642485730,1390,4,18887,1000
1770241642494543,463,11,21504,1000
1770241642509290,1391,4,25781,1000
1770241642526465,1392,4,26290,1000
1770241642537589,1393,4,20748,1000
1770241642549113,464,11,26073,1000
1770241642559829,1394,4,26322,1000
1770241642576927,1395,4,26754,1000
1770241642588025,1396,4,21186,1000
1770241642599009,465,11,25969,1000
1770241642610697,1397,4,27189,1000
1770241642626460,1398,4,26289,1000
1770241642635907,1399,4,19070,1000
1770241642644642,466,11,21603,1000
1770241642659936,1400,4,26433,1000
1770241642677300,1401,4,27131,1000
1770241642684938,1402,4,18103,1000
1770241642696609,467,11,23569,1000
1770241642710772,1403,4,27271,1000
1770241642727731,1404,4,27564,1000
1770241642737300,1405,4,20466,1000
1770241642750298,468,11,27258,1000
1770241642760269,1406,4,26769,1000
1770241642777690,1407,4,27524,1000
1770241642787608,1408,4,20776,1000
1770241642799093,469,11,26053,1000
1770241642810291,1409,4,26793,1000
1770241642827224,1410,4,27060,1000
1770241642834422,1411,4,17592,1000
1770241642843069,470,11,20029,1000
1770241642862312,1412,4,28816,1000
1770241642878055,1413,4,27189,1000
1770241642888088,1414,4,20556,1000
1770241642898528,471,11,25488,1000
1770241642906835,1415,4,22637,1000
1770241642925361,1416,4,24497,1000
1770241642934715,1417,4,17185,1000
1770241642947312,472,11,24272,1000
1770241642960251,1418,4,26055,1000
1770241642979397,1419,4,28535,1000
1770241642987091,1420,4,19563,1000
1770241642996574,473,11,23534,1000
1770241643011506,1421,4,27312,1000
1770241643025082,1422,4,24222,1000
1770241643034974,1423,4,17448,1000
1770241643044654,474,11,21614,1000
1770241643059110,1424,4,24918,1000
1770241643074879,1425,4,24019,1000
1770241643085843,1426,4,18318,1000
1770241643096856,475,11,23816,1000
1770241643112040,1427,4,27849,1000
1770241643127415,1428,4,26558,1000
1770241643137155,1429,4,19632,1000
1770241643147188,476,11,24148,1000
1770241643161175,1430,4,26986,1000
1770241643178358,1431,4,27503,1000
1770241643187426,1432,4,19905,1000
1770241643199264,477,11,26224,1000
1770241643211374,1433,4,27186,1000
1770241643226374,1434,4,25521,1000
1770241643237580,1435,4,20060,1000
1770241643249093,478,11,26052,1000
1770241643260512,1436,4,26326,1000
1770241643278430,1437,4,27578,1000
1770241643287110,1438,4,19592,1000
1770241643295940,479,11,22899,1000
1770241643312633,1439,4,28449,1000
1770241643327720,1440,4,24927,1000
1770241643336977,1441,4,17518,1000
1770241643347533,480,11,24492,1000
1770241643360992,1442,4,24866,1000
1770241643378508,1443,4,25717,1000
1770241643389793,1444,4,20336,1000
1770241643398267,481,11,25226,1000
1770241643414062,1445,4,27939,1000
1770241643430325,1446,4,26710,1000
1770241643441866,1447,4,21586,1000
1770241643453178,482,11,30137,1000
1770241643462962,1448,4,26015,1000
1770241643479859,1449,4,26247,1000
1770241643490161,1450,4,19883,1000
1770241643501720,483,11,28679,1000
1770241643515070,1451,4,28125,1000
1770241643532991,1452,4,29380,1000
1770241643544706,1453,4,24430,1000
1770241643554525,484,11,31484,1000
1770241643564438,1454,4,27494,1000
1770241643581477,1455,4,27865,1000
1770241643594501,1456,4,24226,1000
1770241643606014,485,11,32972,1000
1770241643617544,1457,4,30602,1000
1770241643629175,1458,4,25566,1000
1770241643636127,1459,4,15853,1000
1770241643644553,486,11,21512,1000
1770241643662550,1460,4,25611,1000
1770241643679706,1461,4,26101,1000
1770241643688891,1462,4,18619,1000
1770241643696956,487,11,23914,1000
1770241643713555,1463,4,26618,1000
1770241643731832,1464,4,28228,1000
1770241643742668,1465,4,22399,1000
1770241643748406,488,11,25365,1000
1770241643763483,1466,4,26547,1000
1770241643781992,1467,4,28390,1000
1770241643792284,1468,4,22015,1000
1770241643802397,489,11,29355,1000
1770241643815531,1469,4,28597,1000
1770241643829888,1470,4,26288,1000
1770241643839490,1471,4,19223,1000
1770241643850026,490,11,26984,1000
1770241643862963,1472,4,26031,1000
1770241643876985,1473,4,23386,1000
1770241643888439,1474,4,18174,1000
1770241643897200,491,11,24157,1000
1770241643911597,1475,4,24667,1000
1770241643929526,1476,4,25928,1000
1770241643940078,1477,4,19813,1000
1770241643952380,492,11,29338,1000
1770241643964918,1478,4,27987,1000
1770241643981200,1479,4,27603,1000
1770241643993094,1480,4,22830,1000
1770241644004237,493,11,31195,1000
1770241644012805,1481,4,25875,1000
1770241644031785,1482,4,28187,1000
1770241644037571,1483,4,17307,1000
1770241644048939,494,11,25897,1000
1770241644063341,1484,4,26411,1000
1770241644078780,1485,4,25179,1000
1770241644092372,1486,4,22105,1000
1770241644102028,495,11,28986,1000
1770241644112494,1487,4,25561,1000
1770241644133558,1488,4,29959,1000
1770241644144097,1489,4,23832,1000
1770241644153052,496,11,30010,1000
1770241644165172,1490,4,28241,1000
1770241644182446,1491,4,28848,1000
1770241644191740,1492,4,21476,1000
1770241644202191,497,11,29149,1000
1770241644214097,1493,4,27167,1000
1770241644229224,1494,4,25626,1000
1770241644240542,1495,4,20278,1000
1770241644252013,498,11,28971,1000
1770241644266059,1496,4,29128,1000
1770241644279755,1497,4,26157,1000
1770241644290971,1498,4,20707,1000
1770241644301455,499,11,28413,1000
1770241644313153,1499,4,26223,1000
1770241644328545,1500,4,24947,1000
1770241644338521,1501,4,18257,1000
1770241644350130,500,11,27088,1000
1770241644364715,1502,4,27785,1000
1770241644379818,1503,4,26220,1000
1770241644390755,1504,4,20491,1000
1770241644399805,501,11,26762,1000
1770241644411627,1505,4,24697,1000
1770241644430944,1506,4,27344,1000
1770241644441052,1507,4,20786,1000
1770241644452640,502,11,29597,1000
1770241644462157,1508,4,24624,1000
1770241644482513,1509,4,28314,1000
1770241644493081,1510,4,22216,1000
1770241644503741,503,11,30698,1000
1770241644513448,1511,4,25917,1000
1770241644532779,1512,4,28582,1000
1770241644542710,1513,4,21847,1000
1770241644552654,504,11,29611,1000
1770241644566145,1514,4,28614,1000
1770241644580010,1515,4,25815,1000
1770241644591162,1516,4,20300,1000
1770241644600867,505,11,27824,1000
1770241644616002,1517,4,28475,1000
1770241644630204,1518,4,26010,1000
1770241644641897,1519,4,21038,1000
1770241644651739,506,11,28696,1000
1770241644662970,1520,4,25444,1000
1770241644684783,1521,4,30591,1000
1770241644693557,1522,4,22699,1000
1770241644703197,507,11,30154,1000
1770241644713061,1523,4,25536,1000
1770241644731307,1524,4,27117,1000
1770241644740064,1525,4,19207,1000
1770241644749584,508,11,26540,1000
1770241644762004,1526,4,24482,1000
1770241644783401,1527,4,29213,1000
1770241644792781,1528,4,21927,1000
1770241644801753,509,11,28710,1000
1770241644815352,1529,4,27831,1000
1770241644830963,1530,4,26775,1000
1770241644841233,1531,4,20378,1000
1770241644853400,510,11,30356,1000
1770241644867890,1532,4,30372,1000
1770241644883364,1533,4,29180,1000
1770241644891344,1534,4,20493,1000
1770241644899552,511,11,26509,1000
1770241644917232,1535,4,29716,1000
1770241644931967,1536,4,27784,1000
1770241644944097,1537,4,23248,1000
1770241644953164,512,11,30120,1000
1770241644962947,1538,4,25432,1000
1770241644981907,1539,4,27726,1000
1770241644990676,1540,4,19829,1000
1770241645001074,513,11,28030,1000
1770241645013209,1541,4,25696,1000
1770241645032349,1542,4,28170,1000
1770241645041701,1543,4,20854,1000
1770241645050075,514,11,27031,1000
1770241645063187,1544,4,25676,1000
1770241645082514,1545,4,28337,1000
1770241645093098,1546,4,22255,1000
1770241645100011,515,11,26967,1000
1770241645114585,1547,4,27076,1000
1770241645132752,1548,4,28577,1000
1770241645144055,1549,4,23214,1000
1770241645153060,516,11,30016,1000
1770241645162616,1550,4,25108,1000
1770241645180658,1551,4,26485,1000
1770241645189738,1552,4,18897,1000
1770241645198534,517,11,25490,1000
1770241645215163,1553,4,27657,1000
1770241645232147,1554,4,27975,1000
1770241645244327,1555,4,23489,1000
1770241645254204,518,11,31160,1000
1770241645265145,1556,4,27641,1000
1770241645280755,1557,4,26585,1000
1770241645293334,1558,4,22498,1000
1770241645301435,519,11,28391,1000
1770241645312196,1559,4,24694,1000
1770241645330376,1560,4,26208,1000
1770241645340536,1561,4,19702,1000
1770241645352085,520,11,29041,1000
1770241645363961,1562,4,26461,1000
1770241645377748,1563,4,23581,1000
1770241645388226,1564,4,17393,1000
1770241645398146,521,11,25101,1000
1770241645414437,1565,4,26938,1000
1770241645433072,1566,4,28907,1000
1770241645443368,1567,4,22537,1000
1770241645451427,522,11,28382,1000
1770241645465917,1568,4,28420,1000
1770241645481276,1569,4,27113,1000
1770241645490256,1570,4,19427,1000
1770241645503030,523,11,29985,1000
1770241645514714,1571,4,27218,1000
1770241645531395,1572,4,27234,1000
1770241645540552,1573,4,19723,1000
1770241645550670,524,11,27625,1000
1770241645564266,1574,4,26772,1000
1770241645580615,1575,4,26455,1000
1770241645587954,1576,4,17128,1000
1770241645597981,525,11,24936,1000
1770241645613217,1577,4,25725,1000
1770241645631339,1578,4,27179,1000
1770241645641962,1579,4,21138,1000
1770241645652358,526,11,29313,1000
1770241645667365,1580,4,29873,1000
1770241645681021,1581,4,26865,1000
1770241645690949,1582,4,20126,1000
1770241645703173,527,11,30127,1000
1770241645714643,1583,4,27154,1000
1770241645731477,1584,4,27322,1000
1770241645740088,1585,4,19267,1000
1770241645750439,528,11,27393,1000
1770241645763774,1586,4,26287,1000
1770241645782241,1587,4,28086,1000
1770241645792805,1588,4,21986,1000
1770241645802462,529,11,29417,1000
1770241645813475,1589,4,25990,1000
1770241645829889,1590,4,25738,1000
1770241645837235,1591,4,16418,1000
1770241645846154,530,11,23109,1000
1770241645862234,1592,4,24751,1000
1770241645882631,1593,4,28481,1000
1770241645892224,1594,4,21409,1000
1770241645901704,531,11,28659,1000
1770241645913932,1595,4,26451,1000
1770241645931241,1596,4,27094,1000
1770241645939575,1597,4,18762,1000
1770241645950529,532,11,27484,1000
1770241645961838,1598,4,24358,1000
1770241645978955,1599,4,24809,1000
1770241645988645,1600,4,17833,1000
1770241645998294,533,11,25249,1000
1770241646016653,1601,4,29175,1000
1770241646032862,1602,4,28718,1000
1770241646044494,1603,4,23684,1000
1770241646055274,534,11,32229,1000
1770241646065959,1604,4,28483,1000
1770241646082031,1605,4,27887,1000
1770241646092714,1606,4,21906,1000
1770241646104701,535,11,31655,1000
1770241646114524,1607,4,27050,1000
1770241646131750,1608,4,27609,1000
1770241646142072,1609,4,21265,1000
1770241646150110,536,11,27064,1000
1770241646165263,1610,4,27790,1000
1770241646180378,1611,4,26239,1000
1770241646190291,1612,4,19486,1000
1770241646200737,537,11,27691,1000
1770241646214600,1613,4,27129,1000
1770241646231932,1614,4,27795,1000
1770241646241017,1615,4,20214,1000
1770241646249953,538,11,26907,1000
1770241646263939,1616,4,26470,1000
1770241646283153,1617,4,29018,1000
1770241646293481,1618,4,22680,1000
1770241646302349,539,11,29303,1000
1770241646315531,1619,4,28063,1000
1770241646330324,1620,4,26191,1000
1770241646340927,1621,4,20125,1000
1770241646351368,540,11,28318,1000
1770241646365698,1622,4,28227,1000
1770241646381198,1623,4,27065,1000
1770241646389114,1624,4,18315,1000
1770241646399291,541,11,26245,1000
1770241646413617,1625,4,26152,1000
1770241646431911,1626,4,27780,1000
1770241646440180,1627,4,19383,1000
1770241646449818,542,11,26163,1000
1770241646461632,1628,4,24169,1000
1770241646479757,1629,4,25628,1000
1770241646489445,1630,4,18650,1000
1770241646498975,543,11,25320,1000
1770241646515134,1631,4,27673,1000
1770241646530141,1632,4,26014,1000
1770241646541843,1633,4,21049,1000
1770241646550753,544,11,27098,1000
1770241646563509,1634,4,26050,1000
1770241646578744,1635,4,24619,1000
1770241646588290,1636,4,17499,1000
1770241646599589,545,11,25934,1000
1770241646616579,1637,4,29121,1000
1770241646628610,1638,4,24487,1000
1770241646637974,1639,4,17185,1000
1770241646648100,546,11,24445,1000
1770241646665234,1640,4,27765,1000
1770241646682612,1641,4,28477,1000
1770241646694892,1642,4,24091,1000
1770241646704507,547,11,30852,1000
1770241646713543,1643,4,26076,1000
1770241646732402,1644,4,28268,1000
1770241646740990,1645,4,20190,1000
1770241646749308,548,11,25653,1000
1770241646762285,1646,4,24820,1000
1770241646782370,1647,4,28238,1000
1770241646793252,1648,4,22454,1000
1770241646803323,549,11,29668,1000
1770241646815027,1649,4,27563,1000
1770241646831883,1650,4,27752,1000
1770241646841517,1651,4,20720,1000
1770241646850086,550,11,26426,1000
1770241646865213,1652,4,27751,1000
1770241646881160,1653,4,27031,1000
1770241646891228,1654,4,20434,1000
1770241646901272,551,11,27617,1000
1770241646913251,1655,4,25791,1000
1770241646932411,1656,4,28285,1000
1770241646939601,1657,4,18809,1000
1770241646950396,552,11,26741,1000
1770241646962981,1658,4,25523,1000
1770241646983158,1659,4,29034,1000
1770241646992304,1660,4,21514,1000
1770241647002919,553,11,29264,1000
1770241647013649,1661,4,26192,1000
1770241647028720,1662,4,24597,1000
1770241647036868,1663,4,16079,1000
1770241647046745,554,11,23090,1000
1770241647065298,1664,4,27843,1000
1770241647079202,1665,4,25081,1000
1770241647088102,1666,4,17315,1000
1770241647098516,555,11,24861,1000
1770241647113303,1667,4,25850,1000
1770241647131387,1668,4,27268,1000
1770241647142348,1669,4,21563,1000
1770241647153277,556,11,29622,1000
1770241647161820,1670,4,24369,1000
1770241647179504,1671,4,25381,1000
1770241647187562,1672,4,16779,1000
1770241647198007,557,11,24351,1000
1770241647212250,1673,4,24801,1000
1770241647229898,1674,4,25782,1000
1770241647238344,1675,4,17562,1000
1770241647247399,558,11,23743,1000
1770241647264195,1676,4,26747,1000
1770241647277976,1677,4,23862,1000
1770241647288751,1678,4,17971,1000
1770241647298607,559,11,24951,1000
1770241647311478,1679,4,24032,1000
1770241647329739,1680,4,25627,1000
1770241647338675,1681,4,17897,1000
1770241647347530,560,11,23874,1000
1770241647363714,1682,4,26270,1000
1770241647381085,1683,4,26974,1000
1770241647390387,1684,4,19611,1000
1770241647399112,561,11,25456,1000
1770241647412442,1685,4,24999,1000
1770241647432137,1686,4,28028,1000
1770241647442445,1687,4,21670,1000
1770241647451960,562,11,28304,1000
1770241647464140,1688,4,26699,1000
1770241647481430,1689,4,27323,1000
1770241647492091,1690,4,21318,1000
1770241647500008,563,11,26351,1000
1770241647514162,1691,4,26723,1000
1770241647529380,1692,4,25275,1000
1770241647539632,1693,4,18860,1000
1770241647550291,564,11,26634,1000
1770241647562958,1694,4,25520,1000
1770241647578654,1695,4,24550,1000
1770241647590214,1696,4,19444,1000
1770241647600051,565,11,26394,1000
1770241647614586,1697,4,27150,1000
1770241647630438,1698,4,26336,1000
1770241647643297,1699,4,22529,1000
1770241647652894,566,11,29237,1000
1770241647664464,1700,4,27030,1000
1770241647679562,1701,4,25461,1000
1770241647691087,1702,4,20320,1000
1770241647700800,567,11,27143,1000
1770241647713531,1703,4,26099,1000
1770241647729289,1704,4,25191,1000
1770241647738153,1705,4,17389,1000
1770241647747645,568,11,23988,1000
1770241647764621,1706,4,27190,1000
1770241647778998,1707,4,24901,1000
1770241647791187,1708,4,20424,1000
1770241647801163,569,11,27506,1000
1770241647814473,1709,4,27044,1000
1770241647830330,1710,4,26235,1000
1770241647841813,1711,4,21052,1000
1770241647852535,570,11,28878,1000
1770241647863829,1712,4,26402,1000
1770241647878764,1713,4,24671,1000
1770241647889163,1714,4,18404,1000
1770241647897570,571,11,23913,1000
1770241647916598,1715,4,29173,1000
1770241647932935,1716,4,28844,1000
1770241647941329,1717,4,20571,1000
1770241647950181,572,11,26524,1000
1770241647966121,1718,4,28698,1000
1770241647980772,1719,4,26683,1000
1770241647991188,1720,4,20430,1000
1770241648002309,573,11,28652,1000
1770241648014221,1721,4,26799,1000
1770241648028158,1722,4,24070,1000
1770241648036190,1723,4,15436,1000
1770241648047099,574,11,23441,1000
1770241648064687,1724,4,27267,1000
1770241648080944,1725,4,26858,1000
1770241648092981,1726,4,22229,1000
1770241648103765,575,11,30107,1000
1770241648112059,1727,4,24641,1000
1770241648132775,1728,4,28691,1000
1770241648143671,1729,4,22920,1000
1770241648153453,576,11,29795,1000
1770241648163960,1730,4,26543,1000
1770241648180828,1731,4,26743,1000
1770241648191429,1732,4,20680,1000
1770241648201538,577,11,27879,1000
1770241648214394,1733,4,26979,1000
1770241648230033,1734,4,25951,1000
1770241648240530,1735,4,19782,1000
1770241648247823,578,11,24164,1000
1770241648265607,1736,4,28194,1000
1770241648279768,1737,4,25688,1000
1770241648291112,1738,4,20367,1000
1770241648299918,579,11,26260,1000
1770241648313762,1739,4,26350,1000
1770241648332636,1740,4,28559,1000
1770241648339254,1741,4,18510,1000
1770241648348606,580,11,24948,1000
1770241648362712,1742,4,25301,1000
1770241648380225,1743,4,26148,1000
1770241648389765,1744,4,19023,1000
1770241648402885,581,11,29227,1000
1770241648415469,1745,4,28061,1000
1770241648429276,1746,4,25202,1000
1770241648438429,1747,4,17689,1000
1770241648448200,582,11,24541,1000
1770241648466841,1748,4,29435,1000
1770241648481040,1749,4,26968,1000
1770241648490485,1750,4,19747,1000
1770241648501620,583,11,27962,1000
1770241648514696,1751,4,27292,1000
1770241648532588,1752,4,28518,1000
1770241648542330,1753,4,21594,1000
1770241648554005,584,11,30347,1000
1770241648563105,1754,4,25701,1000
1770241648578470,1755,4,24401,1000
1770241648585785,1756,4,15050,1000
1770241648596008,585,11,22349,1000
1770241648612576,1757,4,25175,1000
1770241648631032,1758,4,26965,1000
1770241648641547,1759,4,20813,1000
1770241648651085,586,11,27426,1000
1770241648661447,1760,4,24047,1000
1770241648679846,1761,4,25780,1000
1770241648690112,1762,4,19380,1000
1770241648701903,587,11,28244,1000
1770241648714602,1763,4,27204,1000
1770241648731638,1764,4,27574,1000
1770241648744763,1765,4,24033,1000
1770241648756105,588,11,32446,1000
1770241648765611,1766,4,28214,1000
1770241648781098,1767,4,27036,1000
1770241648792674,1768,4,21946,1000
1770241648802242,589,11,28583,1000
1770241648813476,1769,4,26081,1000
1770241648831960,1770,4,27900,1000
1770241648843543,1771,4,22816,1000
1770241648855473,590,11,31814,1000
1770241648864511,1772,4,27119,1000
1770241648881966,1773,4,27907,1000
1770241648892281,1774,4,21557,1000
1770241648901762,591,11,28103,1000
1770241648913616,1775,4,26226,1000
1770241648932061,1776,4,28004,1000
1770241648942442,1777,4,21719,1000
1770241648952737,592,11,29078,1000
1770241648964937,1778,4,27548,1000
1770241648979339,1779,4,25284,1000
1770241648991764,1780,4,21043,1000
1770241649002567,593,11,28908,1000
1770241649014817,1781,4,27430,1000
1770241649029534,1782,4,25481,1000
1770241649040500,1783,4,19781,1000
1770241649051700,594,11,28041,1000
1770241649064416,1784,4,27031,1000
1770241649080654,1785,4,26603,1000
1770241649092110,1786,4,21393,1000
1770241649101210,595,11,27550,1000
1770241649112083,1787,4,24700,1000
1770241649131230,1788,4,27181,1000
1770241649140001,1789,4,19286,1000
1770241649147832,596,11,24172,1000
1770241649164917,1790,4,27535,1000
1770241649179269,1791,4,25221,1000
1770241649190788,1792,4,20074,1000
1770241649200884,597,11,27224,1000
1770241649214867,1793,4,27487,1000
1770241649230280,1794,4,26234,1000
1770241649240358,1795,4,19646,1000
1770241649250157,598,11,26497,1000
1770241649264627,1796,4,27249,1000
